<?xml version="1.0" encoding="UTF-8"?>
<project-private xmlns="http://www.netbeans.org/ns/project-private/1">
    <editor-bookmarks xmlns="http://www.netbeans.org/ns/editor-bookmarks/2" lastBookmarkId="0"/>
    <open-files xmlns="http://www.netbeans.org/ns/projectui-open-files/2">
        <group>
            <file>file:/D:/Semester%203/Lab211/Week1/src/Control/Manager.java</file>
            <file>file:/D:/Semester%203/Lab211/Week1/src/View/Validation.java</file>
            <file>file:/D:/Semester%203/Lab211/Week1/src/Model/Model.java</file>
            <file>file:/D:/Semester%203/Lab211/Week1/src/View/Menu.java</file>
            <file>file:/D:/Semester%203/Lab211/Week1/src/Controller.java</file>
        </group>
    </open-files>
</project-private>
